ETH Address, Stake, Tier, Participation Weight
0xdf2e...dc80,1000,3,4
0x2765...df73,1005,3,4
0xe509...2421,500,4,2
0x0752...c807,1007,3,4
0x2070...ea34,1000,3,4
0x3a26...2ddd,1000,3,4
0x5d94...bc0a,1453,3,5
0xae9e...8da4,1004,3,4
0xa417...fb07,1002,3,4
0xeb20...6eaa,1000,3,4
0xd491...cd7d,1001,3,4
0x87f5...a695,1033,3,4
0x121d...c702,157,5,1
0xaf03...87af,1005,3,4
0x3bd2...5e17,515,4,2
0x2c5d...809e,2067,3,8
0xbce5...0150,1000,3,4
0xd2e8...b7d1,1000,3,4
0x831c...c4e7,1002,3,4
0x70cc...c649,1000,3,4
0x2d90...99d4,1500,3,6
0x0ebf...cced,1026,3,4
0xe5c2...4a4c,2134,3,8
0x090c...5f2c,1070,3,4
0xfaf2...d1c6,1000,3,4
0xdb7d...1c42,3000,3,12
0x12fb...df48,1000,3,4
0x7e0b...2b29,1000,3,4
0x8a87...ef98,1000,3,4
0x3fea...f831,1007,3,4
0x3238...5564,500,4,2
0x4ffb...8afc,150,5,1
0x581b...c615,500,4,2
0xdaa4...d794,505,4,2
0xa5cb...0e06,538,4,2
0x32d5...5c8e,1002,3,4
0x4393...1d4e,1000,3,4
0x1755...dcef,1755,3,7
0x084a...09f1,1058,3,4
0x90a1...0ac8,500,4,2
0x7934...be39,1118,3,4
0xc17a...7828,1240,3,4
0x431b...32b6,1000,3,4
0x00e9...d60a,1000,3,4
0x4327...5a3a,505,4,2
0x5535...1ff8,1742,3,6
0x9424...d9dc,1013,3,4
0xd522...4add,1521,3,6
0x39a9...586a,1002,3,4
0x4ba1...213e,1010,3,4
0x7302...2f16,516,4,2
0xa227...b143,1000,3,4
0x5b90...80b1,1002,3,4
0x5775...52fb,153,5,1
0x354f...63d4,1053,3,4
0x9a63...9976,156,5,1
0x05b1...0b31,1059,3,4
0x78d0...ba97,1013,3,4
0x373b...ce96,1001,3,4
0x5e88...2818,2260,3,9
0xfb07...c3f8,1001,3,4
0xee53...22bc,1002,3,4
0x1270...0069,213,5,1
0xa52e...8cf5,1060,3,4
0xaaab...bf32,150,5,1
0x2820...ad30,213,5,1
0xf5b1...8229,1003,3,4
0x6bc1...fd7f,1000,3,4
0x185d...e3e6,526,4,2
0x80e7...88b7,1501,3,6
0xbbdd...9f3a,1009,3,4
0xb57b...35c8,1005,3,4
0x17a5...1eed,1011,3,4
0x68da...8e9a,1000,3,4
0xa442...cc21,150,5,1
0x2c8c...e80b,1012,3,4
0x2967...e311,328,5,1
0x8dd9...c661,585,4,2
0x197f...7d4b,1104,3,4
0x1b32...bd0b,1014,3,4
0x77ad...18ac,1000,3,4
0x5be2...f5bf,1024,3,4
0xfde6...408b,1000,3,4
0x63a5...4c74,1001,3,4
0x58a5...3c5e,1003,3,4
0x2689...9245,150,5,1
0xb00f...0791,1050,3,4
0x2fd0...9666,1046,3,4
0x627b...2909,1030,3,4
0xf3cc...48b3,1016,3,4
0xf4b5...0e48,1006,3,4
0x2c6a...d472,1013,3,4
0xa728...b4f6,1001,3,4
0x6932...5424,1000,3,4
0xf6d6...4f9c,1014,3,4
0x9a77...8faa,1000,3,4
0x0f82...ed0b,505,4,2
0x082c...c878,1020,3,4
0xa91b...05e6,1012,3,4
0x46db...df70,513,4,2
0x892e...d4b4,1000,3,4
0xbf80...32a1,150,5,1
0xc32c...e8eb,1003,3,4
0x3a87...5732,1010,3,4
0xe235...0800,1276,3,5
0x6ee7...e89c,1441,3,5
0x27d2...dc53,1101,3,4
0x3d7f...8383,1257,3,5
0xf355...4ad8,1064,3,4
0xbe68...d837,500,4,2
0xb478...2349,1059,3,4
0x7a01...6b01,504,4,2
0x933d...b244,1077,3,4
0xd5ae...bc26,1000,3,4
0x5a01...0760,1000,3,4
0x82f6...b872,1010,3,4
0x32d9...b74e,1008,3,4
0xc6f1...c520,1010,3,4
0xd3ae...77e7,1004,3,4
0xe011...5b54,1000,3,4
0x1f1f...4b6e,154,5,1
0xed42...dc6d,1016,3,4
0x09f8...aa41,150,5,1
0x5142...5013,503,4,2
0x8ae7...b9e5,1020,3,4
0xd740...7371,1008,3,4
0xe771...b807,1107,3,4
0xe4e3...e70c,1384,3,5
0x59d4...15fb,497,5,1
0x5a06...53cd,1010,3,4
0xa1fb...6492,1015,3,4
0x4ee0...3d17,1017,3,4
0xccc9...e0a5,500,4,2
0x7258...42ca,1014,3,4
0xcf73...059c,1071,3,4
0xcbfd...ceb4,1012,3,4
0x2ce3...1635,503,4,2
0x485e...bb88,1140,3,4
0xe483...5011,150,5,1
0x3ea0...c56c,1000,3,4
0x007e...eb8f,1230,3,4
0xcdd4...6fa3,197,5,1
0x24e2...45bf,1019,3,4
0x22d8...036a,1000,3,4
0xe472...9029,1009,3,4
0x640e...b93b,1000,3,4
0xd624...d0c1,1000,3,4
0xaacb...f05a,200,5,1
0xd2dd...7a40,1000,3,4
0xde67...8aa3,1015,3,4
0xaac8...1d6a,165,5,1
0x3287...7408,1727,3,6
0xba34...3390,1064,3,4
0x9f57...5f46,372,5,1
0xb223...9f2c,150,5,1
0xac9d...c67f,1078,3,4
0x4d15...9646,151,5,1
0x02c2...b179,1000,3,4
0x3fae...83e3,1005,3,4
0xc748...97c9,1000,3,4
0xfc88...c03e,1001,3,4
0xa160...1ef0,1056,3,4
0x00e3...2b8a,1236,3,4
0x14c3...2a56,1035,3,4
0x2a1b...923a,219,5,1
0xfdc2...3437,185,5,1
0xe7c0...16ed,1000,3,4
0xc205...1bda,1027,3,4
0xdc9c...7484,157,5,1
0x4b05...7b5c,1250,3,5
0x57fb...cbbb,2006,3,8
0x0b40...4f11,298,5,1
0xfac4...cd9a,205,5,1
0x51b4...1236,155,5,1
0x1901...6ded,150,5,1
0x7a92...1545,500,4,2
0x6b81...13de,159,5,1
0xf81b...c96c,503,4,2
0x54ad...5a27,1011,3,4
0x5d0d...f2ab,1027,3,4
0x8367...dfd4,150,5,1
0x6be2...8b26,150,5,1
0x4e9c...6d06,150,5,1
0x472b...3f3f,500,4,2
0x46ac...580e,150,5,1
0xb287...23d5,1125,3,4
0xe14f...710a,1000,3,4
0x9034...2130,154,5,1
0x11e0...8c14,1010,3,4
0x202c...c4ac,502,4,2
0x1942...a5bf,1005,3,4
0x960d...ebe8,1001,3,4
0xb1ac...3a56,150,5,1
0x422c...c5dd,1000,3,4
0x0538...91b2,1000,3,4
0x8591...b51e,1017,3,4
0x25ff...895a,1000,3,4
0xf5ed...cca6,500,4,2
0xc832...0a0e,1087,3,4
0xc532...f622,365,5,1
0x6b30...b9f1,150,5,1
0x38ed...7314,150,5,1
0xceb4...0e1c,507,4,2
0xdb9d...37ca,1004,3,4
0xdeb2...7a87,1001,3,4
0x90c6...c015,1004,3,4
0x3719...215c,195,5,1
0x3aed...091a,509,4,2
0x8469...2bcb,166,5,1
0x77e3...3026,150,5,1
0x354f...5a48,189,5,1
0xb3b8...881b,1232,3,4
0x0cf3...41ce,156,5,1
0xd283...b3b0,500,4,2
0xa415...5205,160,5,1
0x9fbf...f1df,150,5,1
0xa47b...1870,1000,3,4
0x4cd9...41ba,150,5,1
0x93fd...bd88,151,5,1
0xb90b...897c,151,5,1
0x535a...7a51,150,5,1
0x56af...6efc,523,4,2
0x3fb9...80b2,150,5,1
0x1ffd...6854,150,5,1
0x637c...b7b8,1013,3,4
0x0d51...d862,500,4,2
0x3d5d...3d7e,151,5,1
0xf21c...5cc8,1001,3,4
0xe859...05af,501,4,2
0xcc24...f19b,229,5,1
0x2669...ec75,1004,3,4
0x9cd9...a5b9,154,5,1
0x4f3f...4a31,152,5,1
0x88c0...62ab,1000,3,4
0x9003...76d2,154,5,1
0x2a58...d205,150,5,1
0x26e7...dff0,194,5,1
0xf603...4f82,150,5,1
0xd916...8e33,150,5,1
0x7161...120e,153,5,1
0x9c90...211b,162,5,1
0x5c22...c7ec,160,5,1
0xf69c...d7ee,200,5,1
0x22ee...f933,174,5,1
0x628e...78d8,150,5,1
0x55a0...77e1,150,5,1
0x0e8e...4f57,150,5,1
0xfd18...4a01,152,5,1
0x56e5...ad54,166,5,1
0xa89d...c7d5,175,5,1
0x40a6...0741,162,5,1